grid_id,Trees_pct,Crops_pct,Built_Area_pct,Water_pct
12,60.68267136302544,0.5770032905408536,13.093803587152985,25.35338554942763
13,17.249062248434228,15.377698355152353,48.83801590609353,15.783629169925723
14,5.522322259559335,1.0745250947851048,85.8297492970717,7.39020113056342
15,12.408739368732661,3.0377838424702297,78.29471122041558,5.387854632546042
16,23.236284762505125,16.432446898436094,45.00434969791673,13.583959436585785
17,17.958185150481558,24.23192169208311,20.010687759766324,35.48519491956827
18,17.786761019243777,32.94696092543666,17.56400242414325,30.180088726687366
19,34.55020550074309,31.719811182315098,11.344051275889903,22.35511763686205
20,29.588477241460176,41.89857845679219,10.040463894338997,18.419310263960448
37,39.106247350029975,1.9079784201061452,4.595961811190549,54.29404798456072
38,47.03688811391588,0.2130316609123632,7.163914524429048,45.56644770671997
39,43.13645665000469,2.954108350027247,4.131529326099286,48.51472633467546
40,43.56753804543575,5.425832726631831,4.325674975702054,46.28316983560396
41,49.927737207137746,9.856617525453933,3.7670226306878565,36.20234815944533
42,30.082863910577146,14.575109826088847,10.878155648598337,43.131386537879735
43,28.861292323160896,12.785302319119388,18.972846400778348,33.82560236652129
44,20.25113720214869,10.405627404598002,49.07105084159032,17.767644852831772
45,27.864590255000877,19.38273454818012,26.261116751808718,26.377500438556854
46,22.568267414168908,30.825049856726,7.032854167333201,39.56665870927889
47,16.949955880499182,30.479312630376178,3.257442370172778,49.31132102324711
48,18.45379407289462,36.54726611986313,1.5780906412784883,43.40579837537569
49,9.450099268800543,39.40002905428309,7.846302842477362,43.30356883443901
61,32.895649019438245,1.9220069015642771,6.548740199869095,57.71881741321728
62,29.404689975620705,1.048942869841509,3.285014066731823,65.77627763067284
63,33.645031945866485,1.31009512260692,3.773063275886066,61.05811268663689
64,35.658857030119265,2.396032852412788,13.417562955261031,47.9136689712153
65,43.281194530828934,0.3566111945693423,3.85253817864814,52.498034118772075
66,47.58851711348027,1.2631906828166217,6.144742249147496,44.98310974598379
67,42.336024865422054,2.1958670445728212,6.777756434728187,48.68998132742569
68,39.12282273863656,2.602363243692961,3.323322747268738,54.90977729802964
69,27.563547618458696,13.211250514700426,4.050221505077004,55.06005282883557
70,26.776532743333597,8.877717006740156,3.44070797377256,60.88786237686254
71,33.38050462394017,7.624346235648138,3.3929693490605635,55.601009852348824
72,16.255410483247456,23.43995027344836,14.137708419401577,46.1469895692278
73,22.075278154321374,25.39655840992175,15.360680893938438,37.16309106757568
74,13.149285631557191,21.57927973182496,15.739582754988781,49.41097409505175
75,19.56072687077053,14.298732535020969,4.010117215068594,62.128917545690044
76,20.455933698333922,9.32170859295931,0.8821795981741841,69.33908879919683
77,18.79181996283136,32.49008207025684,1.8114467662025482,46.906651200709256
78,13.04061364621881,4.6339214670927165,0.5760300760742808,81.74943481061419
87,67.24506139882541,0.0,1.1478910838227443,31.473571809930593
88,50.05521318841101,4.2467453331613525,4.152411851972856,41.35356617354206
89,46.9216629399074,3.4961768359823613,3.287320522357915,45.85703758924612
90,40.250677122768,0.904725132549628,1.9346037173196324,56.88766625833441
91,45.16289715514156,0.7997408939159898,2.4239738913819218,51.61306238574955
92,47.79120038084728,1.608737532909664,3.897566416217715,46.7004455002729
93,50.27093149180448,1.2184055045886355,6.291490643312107,42.21909172352231
94,46.93070576217333,1.011903747680469,4.8532336310284485,47.200018824002875
95,34.444220684253565,5.577046009067535,10.071619296014726,49.70038364668689
96,42.879210094674,1.0365726295472908,4.367261286964069,51.714251942622404
97,35.486823581450594,3.698037309620227,3.2818566763526515,57.523829281249164
98,33.112108930574166,5.895725616742853,3.1868266236947482,57.801257576432384
99,39.878247712753414,6.604248332088866,3.5816067557097515,49.756296943071895
100,22.451911740401883,23.317645627023055,13.241584684225558,40.97376607984135
101,26.497392936808488,23.35975727312618,6.163451564979425,43.97624026331469
102,35.61760675884608,12.364692214945872,2.8366365183747253,49.17533159293764
103,11.206552450636137,28.349523918404678,4.608273857159189,55.8353557954564
104,16.029226242117794,10.188852420264787,2.6555728299717223,71.10760132368807
105,11.905539264129413,22.61602000887943,3.6719008084771216,61.76624581716368
106,9.062965676992913,38.747358602227216,3.4435958091734573,48.745850403033444
107,4.86237489371431,37.612785478074485,2.398026124231565,55.12681350397964
108,3.7930552277250307,28.67671384454248,2.2705164163709934,65.2597145113615
109,2.857831997506434,7.935149158245258,2.4338452226711067,86.7731736215772
111,2.749259624876604,76.71767028627838,9.615004935834156,10.918065153010858
116,59.600256812746075,4.046591634602383,3.7317990234310288,32.3221853797614
117,58.55139136411604,4.87775081051081,6.339680082034717,30.21829929986778
118,63.418391752896774,5.991192683529873,3.9772364147643757,26.612678843138355
119,53.37667846829062,8.107421970599272,3.8565531644123934,34.64051818374639
120,56.823303140238565,2.948936189662783,2.170944892378333,38.04582964408192
121,50.92487111330056,5.691491987252325,1.8843922104490471,41.49818580373708
122,65.85514545514485,2.153474803165023,2.458778407384184,29.441331554794246
123,59.34242786215512,6.119344147984683,1.7866823557688816,32.652894461073394
124,57.57374956230081,1.0585410449607071,1.6978943434212908,39.57726664801732
125,40.27924163544027,5.56448123503976,4.3362853949226015,49.571422925120444
126,25.288310227168342,12.503897216733526,9.625840374025527,52.56529053289787
127,21.56600473650406,24.374505904099852,6.357965119875611,47.60385961856776
128,1.6363668571619774,15.72596690230087,28.517676173717817,54.1063926316007
129,1.6286364961678421,24.442457236916542,55.11142389822719,18.80019333760187
130,1.5448807190783986,52.75219212336574,13.582441555927428,32.07995731584632
131,11.691344642639416,24.638288222502403,7.601139282398134,56.069227852460045
132,28.588080902960872,19.775684011170018,4.044418974114647,47.59040883835515
133,16.25066623575386,24.017171343367348,4.346949313548584,55.36473144922029
134,2.4239945141395354,57.995446099050376,8.779280114049973,30.778040846681588
135,0.9841232907783848,52.8271490137424,29.775161558426777,16.41155738054804
136,0.9550787045703474,81.23359016847051,4.250212118181012,13.560584642960974
137,3.327099241382602,57.260265329753054,7.262046965890004,32.15058846297433
138,7.813445616203757,20.20870928044413,1.6737579259308313,70.30408717742128
139,1.5891588886772428,6.650521102615037,0.0789137119377398,91.68140629676998
140,3.378716417119896,51.81183234501737,6.406165358141147,38.40328587972159
141,0.0,91.75348755076814,0.0,8.028724468773913
142,0.7353806132429008,73.48630235973825,3.1068822617995315,22.67143476521932
143,0.07547169811320754,5.063591893780573,0.08525506638714185,94.77568134171908
145,78.58639053402071,1.0014065054904975,2.1409458675707373,18.268217716434794
146,69.92547117841316,2.5807548858912557,1.2595416028892423,26.23103741060269
147,63.139857062548934,16.05452064638504,1.38839708928438,19.397428402253382
148,42.059875755488726,23.15712276230208,2.878508653662843,30.658097447955225
149,29.9982853529272,41.43712058571566,3.9878995832662114,24.561784503544846
150,14.99546342576994,50.637545503165256,6.250868998092892,28.115152028589147
151,10.203486609087314,38.92588271961087,5.934234222839291,44.93586132437698
152,2.6509941085214686,47.97534342768364,7.621137177501196,41.7525252862937
153,3.7863083748833475,51.551967432424085,6.280671810070921,38.380143978766704
154,1.0906486668348057,63.530027825851064,13.854043702554403,21.525279804759727
155,0.05654507657720431,54.44400842691629,8.872878296745547,36.62576636940677
156,0.1693475979066508,45.601293938541275,10.003764026117842,44.22532581826435
157,0.28577823254150764,40.66115947861528,35.109235542421125,23.941583766505467
158,0.4555335899431788,44.64727342708826,33.30183720901175,21.528452878244355
159,0.05317200572021892,58.79109957646025,13.18197003489282,27.96786291061723
160,0.03311837601677604,73.69339710592048,15.692163380702794,10.58089401544703
161,1.9356921257786794,42.39772159334987,8.77233256991319,46.894221055929734
162,0.05533222266273999,44.275995820866584,10.485309294883043,45.18053892279099
163,0.05478256279394933,53.77701951958718,10.458110329892738,35.70933118923867
164,0.14446729921311532,81.01375173205115,14.252940192602637,4.536469968882353
165,0.00733556423997578,86.09948236787429,9.334374503150608,4.558807564735126
166,1.04726051667495,56.516275925420764,8.857384657801587,33.5790789001027
167,1.3387068632247339,41.643792291934425,5.726063254536006,51.288985746232996
168,1.0195054446313012,66.1291862023683,3.7723136394618093,29.07899471353858
169,0.3824597185396696,72.14244340199878,3.408443809912299,24.066653069549254
170,0.6561571856106988,70.28932742204567,2.687837357816066,26.363983780591305
171,2.0645517140678344,59.12822866524539,3.089003674004139,35.71821594668265
172,5.288649159387435,40.211041199154465,0.7894173127073351,53.71089232875076
174,73.56687869910182,8.546788854449717,0.6060134156452154,17.28027478978882
175,27.21157007469281,43.20138630687802,4.167135979119983,25.419549032977272
176,23.790157196028368,42.29064590922948,5.833858570463296,28.055280117969
177,1.7650906726356816,77.14180691481664,7.683886312764077,13.408190131101108
178,0.09512872818827572,76.27016223372719,20.208666005752338,3.4245000416775193
179,0.4714734875113721,79.86648126705815,12.447404060871722,7.2121050781573075
180,0.023809894283421052,79.08676007795512,9.186891299809522,11.695034316070917
181,0.1292741763744594,72.19251807767604,11.11836185746511,16.55705755798994
182,0.015536171155744474,75.75314571204093,5.550377727190314,18.6796510808034
183,0.025258972847891272,74.40464842325287,6.367127425726152,19.20294908965536
184,0.006435986949749261,72.19542616933435,6.4602988904519405,21.336905735156243
185,0.12327374860469133,69.2454956987113,8.387239080501255,22.23392140384164
186,0.13411710301248764,81.51670437231114,9.742432879730746,8.606648832792342
187,0.47770378120317775,86.04263038783901,11.452851745096536,2.0268140858612673
188,0.019723033418772757,83.2276947101688,10.166842253068435,6.582947936061659
189,0.029125532496498404,67.44926617688681,11.008306259973601,21.506189982010227
190,0.04979162864932221,43.06412777764601,7.439830947255886,49.426307179497854
191,0.012061453588491507,60.801948358966875,14.928782745238298,24.257159196391985
192,6.408124476536332e-05,88.14583481521213,8.394979490797613,3.456526322332506
193,0.06933225829382271,90.7810330831075,8.452270939818886,0.5759835783819681
194,0.0004806448331080978,87.05450432299973,9.733682708722021,3.2112682374673867
195,0.04769039364278206,67.41964409937938,9.44983943697992,23.076054516634137
196,0.0057803532996770525,70.83770128959522,8.845958067940126,20.310560289164975
197,0.018875352477394056,72.79738222960775,4.907623992627129,22.276118425287734
198,0.07880538622436192,65.50360934134805,2.6068474517743025,31.81073782065328
199,0.03377836457189393,85.43196204484039,6.582342432755177,7.951488715866885
200,0.7813517835504524,68.27907759675239,3.463174315121007,27.476396304576163
201,0.23208678954257153,47.03293947368637,0.7949206120246167,51.94005312474644
202,0.0,0.0,0.0,100.0
203,4.269718621016672,89.82250816333128,5.853351007080276,0.054422208571767265
204,12.230891322410782,64.5294376403584,6.60755214965388,16.631089914260798
205,1.3952264456061674,79.04806407267183,7.476995014656208,12.079267923156173
206,0.39398034679432853,81.0087729344664,4.649884325537715,13.947362393201548
207,0.07062441028488864,81.24072202982833,18.361343997696416,0.3273095621903594
208,0.03634451882869585,83.32408524052978,11.253212133109047,5.377919830210847
209,0.03728691226140102,89.65903694157909,8.355621253086456,1.948054893073057
210,0.003736420900212167,90.26469873205932,8.11133304983981,1.6198112476621083
211,0.006544192190222141,88.50333359863842,5.892120519258335,5.59800168991302
212,0.05271765704297782,62.56193682391773,6.519871891115477,30.86337006012832
213,0.04197660850662356,80.00466801868953,9.157317563792079,10.789216812173184
214,0.015373600101593873,88.60495949136444,7.942930634156201,3.434478276862844
215,0.10975383250293404,75.93863777747679,10.144135039713985,13.805380792754885
216,0.05375373238528957,93.19868440131465,6.12508928187833,0.6212978228647534
217,0.04106176484176036,80.67741896924309,8.622776776809763,10.657967129265732
218,0.07741610399756362,65.8385674738781,6.954900614743714,27.122889699266107
219,0.07550852647022095,39.608120263396714,3.5802026426481772,56.72157770917514
220,0.014266814552022023,78.83888418695904,11.87203472471811,9.274814273770831
221,0.006156850368659595,85.38963247804824,14.203853800497686,0.38481122789735156
222,0.0942115022449338,89.92831033088407,9.878465873300996,0.09836789204985734
223,0.002580756437344283,78.83345320759973,7.28247789806525,13.881135487949711
224,0.006156484329175482,79.72446276637042,13.746561490981554,6.461800943662061
225,0.03277847543561419,73.82980681779416,4.881289460489144,21.253566690761073
226,0.04057838923474037,54.47334048618928,2.3508467709604455,43.134778964878635
227,0.01916094403344479,69.83356729882742,1.6571074129647554,28.49016434417439
228,0.013572967239151914,91.36816657243727,3.212006633705776,5.406024332002647
229,0.00307536849504646,92.12211002822343,5.433818151345555,2.4149941299514044
230,0.2739229326537511,31.997385065183366,0.46822216891544727,67.26046983324744
231,0.006076248759810421,22.14937777398894,0.006076248759810421,77.83846972849145
236,0.04448644558281478,93.00496723794967,6.945763899025234,0.0047824174422734815
237,0.05769981444116544,78.94929807493472,15.614882328603366,5.377778651361054
238,0.0019131878935399363,85.80734519456237,6.315256387274245,7.872671718661701
239,0.08424445071103413,64.37510373443983,4.9507634049067395,30.58988840994239
240,0.04710416409178923,60.71985848473612,4.8293435607465085,34.399252126848765
241,0.05985811800504326,66.46223950389182,5.0839847187252944,28.3938055655239
242,0.024242992361033108,85.49834299147211,7.922609903585618,6.554335414728911
243,0.04327627587446196,83.01154077116449,10.784486731732985,6.157318797158698
244,0.18941826594442648,86.87613731749812,7.100568517263604,5.833646241744426
245,0.0022321747596919343,88.77726766071778,7.3015399918196415,3.9189601727028798
246,0.024527152124035185,80.4462743660662,5.081167874514233,14.446622117371568
247,0.34493650711319135,61.5251749854229,18.007548456914975,20.12087872735772
248,0.09293039632626657,72.62729210635162,8.911209712485816,18.36621469705486
249,0.18058021730586898,85.87904205907493,12.659811384627757,1.2740811453370808
250,0.025684775615125402,92.49606550810174,5.982554655478374,1.4567811755409392
251,0.0049650182432388066,92.1954237587014,5.6193115505703926,2.1799793487273456
252,0.0031996454985731026,64.08065100405358,3.5659647116082334,32.345023401628346
253,0.021187956482799225,77.20286218432487,3.677153469592524,19.051127797512784
254,0.0015828325337337147,70.6169752005675,2.758505625193009,26.61802633058071
255,0.01586974526796356,54.57270872472375,9.649790921762317,35.74805567339353
256,0.007659624317955511,77.879680818949,2.3529529139077536,19.75051831197328
257,0.04938009119403686,91.80803973506022,3.422548885470015,4.704347777584195
258,0.11810153893699459,77.51762423382227,2.1589986894140134,20.205275537826715
266,0.0008543205949751491,90.2787188082622,3.156188862682422,6.563942282100603
267,0.017121730839632622,83.49957557739577,4.768225028462464,11.713822498823284
268,0.016427314963469473,78.55601957410161,3.914577314169645,17.512376377974697
269,0.006366863867077981,82.35604666232513,3.618495577938332,14.016650803372174
270,0.0038304223732717633,80.924062037392,4.3898893587325745,14.680560477701954
271,0.0002906562258644318,91.09571422550692,8.403549687601073,0.4996541998290619
272,0.05048549956084531,90.9609321676686,5.38680457642985,3.5916877495791546
273,0.0066290825107867745,89.5575337425945,3.9984980531304024,6.434113290858817
274,0.0,79.67611164200066,4.455988970072834,15.865696875068327
275,0.009632699501706121,93.06269171298052,4.968157857117764,1.95914537394868
276,0.021434928159323238,68.76324953510895,5.709947425908815,25.505303982391613
277,0.014506149662796066,88.54051002405363,7.461268500344322,3.983715325939253
278,0.002520578490651581,92.97409072976764,6.96156134063553,0.06166473313903738
279,0.00024023466121707686,95.54089234364127,4.455392026931907,0.0024023466121707686
280,0.0028698512823826243,95.36987172406074,4.4757495161735354,0.15150890848332849
281,0.43989280588733976,69.87151904497459,2.631597510346835,27.05699063879124
282,0.07432526894479105,88.51571275575948,5.604809768316319,5.726322865481272
283,0.01461221042361463,77.48749772140336,2.2598326715402144,20.237603299083567
284,0.005538222079815894,78.11076315737091,2.934069793798347,18.94831249570587
285,0.08714218238269579,95.55151691525138,3.2511325716774566,1.027867594664177
286,0.08823584730537208,80.02652799709533,4.530546857814351,15.322731402393899
287,0.01893698239037895,65.57040938447126,1.8100328191789976,32.60062081395937
295,0.0,98.0184205927591,1.9052603024935124,0.07631910474738564
296,0.03465288363461326,88.7374081844252,3.71988428105706,7.507811870287831
297,0.00793135770423246,85.35217631648521,4.032478509225211,10.606901082349925
298,0.0042543579475500274,92.72851561277123,5.005324369106811,2.2594654246724186
299,0.002051756279141603,94.8933724879516,5.092232906971916,0.012342848797355787
300,0.05506574940341278,94.3448357346593,5.549642380491182,0.0504561354461008
301,0.0009617150842125814,96.81356864578014,2.9282493227121518,0.24733388535779166
302,0.04472700091586914,89.93268818897663,3.673194927133798,6.3493578091114475
303,0.00022407252779579694,92.8778547040106,4.392013606964302,2.7299076164973077
304,0.1457357313524765,82.35500906636307,5.3942956676020035,12.104959534682463
305,0.07013893156792685,62.357955024112165,5.927100762092948,31.640408561282186
306,0.0,93.34243302914813,6.5054420383318625,0.1521249325200177
307,0.0008805533479150237,95.47002401862841,4.485047282643085,0.043474761805199894
308,0.06716634994860245,88.24178146421355,10.794470002734975,0.8956801889548884
309,0.2626564974772215,78.08514367358873,5.6978691062813835,15.952198455883481
310,0.3842782060074241,62.099790135768515,3.621600829784277,33.894121254387755
311,0.07592934455281489,74.8936041274712,2.4815576436755444,22.5399159721735
312,0.024836171522694236,80.46326470749405,3.33375237321626,15.987048444233851
313,0.009287635153262941,89.20348756353349,3.612163216215985,7.14130305036628
314,0.07132631700690019,94.78749354513887,4.331900147054691,0.6951026548301691
315,0.06121327278993658,54.39876448062668,1.4517151673668545,44.08276050558225
316,0.002541956402623299,78.28971524439498,2.049946618915545,19.657796180286844
324,0.0,98.72454472309418,0.4062645195652913,0.8691907573405256
325,0.003817114918788815,89.25212804156722,1.6990622951502314,9.044992548363755
326,0.0,97.21803675921575,2.020095131856493,0.7618681089277687
327,0.00012851822661554642,95.72821479508251,4.1479739583517405,0.1236184692258287
328,0.01718919298379131,91.9941825735043,7.485549104505372,0.3029923301427261
329,0.0008802508362783059,96.02752400323996,3.4475584162462933,0.5240373296774649
330,0.003609096655939362,96.92889935223933,3.052702275030168,0.014789276074560407
331,0.0,97.61894416896098,2.1983266933046006,0.1827291377344181
332,0.004967565335139448,88.29812015431283,3.9728143958435784,7.7240978845084465
333,0.08967706509060308,69.05762726182779,3.909416416751416,26.943279256330193
334,0.005402460893076482,72.7490414238899,4.466504582152513,22.776518628550836
335,0.009872623605736286,91.49488138678105,4.349770437063979,4.145475552549238
336,0.08730515128249987,92.36628717433284,4.41445376615591,3.1292053095497834
337,0.48566807758075325,67.56312912727766,20.09345884612241,11.846175826453061
338,0.34583961905388577,67.40177745178583,7.647242298359407,24.594206138088772
339,0.13603409741665184,81.68839527099394,4.060179764615121,14.115102047234544
340,0.07281873142769922,76.83090741958706,2.9325499891517266,20.163723859833503
341,0.11262588091104075,90.35126953324482,4.350182820958023,5.148565008681443
342,0.10832883660826928,84.17950806941455,4.891453593063956,10.799327308400807
343,0.3417315894440419,94.46748816483398,3.9328280241662448,1.1585910623346347
344,0.33609274886207735,41.34358044732946,1.141600892880181,57.178725910928286
353,0.0,83.82510508530454,0.0,16.174894914695457
354,0.0,97.87936458829586,0.9014071836661706,1.2192282280379707
355,0.0,98.35783930026533,1.4296819910914154,0.21247870864325386
356,0.011574362855582448,97.6236516213811,2.2176687153982,0.14175129119988022
357,0.0014762994564329588,94.79451997641772,3.892568404816716,1.3104243751161382
358,0.011359656332744042,97.20581293962591,2.3953013000638,0.38752610397754605
359,0.0017945793129549238,94.59320492156968,4.70538695856781,0.6995174023720814
360,0.014364338564883412,89.55741572666402,2.5230670825883443,7.905136748664172
361,0.01250995932655255,89.62591523296584,3.1929982818905476,7.168528286899354
362,0.1845899516811505,61.804619430538224,4.882883697352553,33.12772933695173
363,0.011341081256764803,88.85847692162048,3.8315875062932587,7.298594490829502
364,0.0018251558812337149,95.10570721398514,3.6887046432611688,1.203698379584614
365,0.009152905039250281,93.64681179675046,2.6988268599999166,3.6452084382103704
366,0.003953562447879402,92.25287433593756,3.3732050906518256,4.3692307199805365
367,0.01692590492049893,86.23174170296807,2.8661896200118253,10.884096969989502
368,0.0005601450103402769,94.15935197303878,4.7212542382972105,1.118801635367364
369,0.2880544487737366,81.71247740856143,3.1081884581152672,14.891279684549577
370,0.03625858825537032,91.96847079282142,2.8479162688271216,5.147354350096091
371,0.18025714697381914,70.74350564045191,10.509327298770204,18.53109240848568
372,0.387818030161735,93.41397763746757,3.1896835204072542,2.980297431263559
373,2.6553647970611824,15.932333386451234,0.25059887781446544,81.16170293867312
384,0.0011963230550777932,97.88490083862246,2.113718788621679,0.0
385,0.053440483467607464,94.14872733644653,5.055285625575849,0.7392680963220706
386,0.02736480807496394,82.34155450353072,13.187068434172652,4.441373504871588
387,0.0,97.33055747501679,2.264279312324727,0.40516321265848193
388,0.001387472958394042,92.94407080371307,2.2420595003258144,4.812304755531298
389,0.032932365919549234,88.61902913385458,2.7185329388975594,8.629263648748093
390,0.0003217628485536277,97.15220573259126,2.815907569117073,0.03156493544311088
391,0.16868283118188235,61.75483103552257,4.416341516373757,33.66014461692179
392,0.00032052494293053393,93.8473153792355,5.222777656334438,0.92933001953279
393,0.005179711558477478,96.61689908586236,3.0115136192208345,0.36640758335833606
394,0.013112599767431472,95.86999537776856,3.0379444054588762,1.07893160650481
395,0.14180529831921898,87.94204839770944,8.712674429278284,3.1999512579453007
396,0.0009609466477616429,89.23006231899168,4.376583459898015,6.392377258685075
397,0.0,95.99424917673942,4.001254492330635,0.004496330929956445
398,0.19536384449595512,82.53808006643733,3.0256274446817564,14.240636911416582
399,0.18239529035972776,82.37177853025736,1.9622310387974413,15.4827670305696
400,0.2729025644745464,75.9365674378586,5.111737854216761,18.62223630496242
401,0.35112240331689776,87.92818332930891,8.072831980273985,3.4061493807188423
402,1.7261127482522571,14.060126594971154,0.7789710477174917,83.43086467218755
413,0.0,98.32919922974511,1.643755955952935,0.021299242164838722
414,0.004541600822816104,96.16650375211654,3.1001962196228288,0.7215849448660894
415,0.000354939352158241,95.29184242886934,1.8330842842212356,2.874718347557259
416,3.228447008835775e-05,92.23243720791635,2.6600466284601483,5.107435452448285
417,0.019619873804585092,92.37650312315208,5.390036809009549,2.2130669970365613
418,0.0,97.13355829053346,2.6482826959644363,0.21815901350210007
419,0.0002998152138898392,95.55942021067682,4.312009031766754,0.12827094234253622
420,0.10421730538065534,58.11289647078775,3.055363339717992,38.72540293582091
421,0.03331563777696502,95.28134228755779,3.9943283239897154,0.690894339787435
422,0.0010526375453140222,96.93588546655731,2.523739000949803,0.43287694748067396
423,0.0,95.99640120184463,2.6644577786723094,1.3391410194830655
424,0.0637603204173356,94.3742219052266,2.355623589451771,3.2063941849042856
425,0.03227965239721138,86.77929152809281,5.1988948444783745,7.980639429226165
426,0.002262068011659991,95.0675607005754,3.294411221666992,1.6357660097459585
427,0.1976580240516977,79.08257078917154,5.010141641214496,15.709613424689245
428,0.013974207929397301,91.45026796882696,2.419599208030836,6.115623018393206
429,0.06062125265449559,88.86861378543072,4.067342913950686,7.003422047964089
430,3.3023884684381724,76.54434333299338,4.261329778125104,14.417413896504558
431,0.09355460168317167,72.38902220569845,2.7274816642444315,24.764998141075473
442,0.0,97.71235515452182,2.129018825418509,0.15862602005967574
443,0.0,97.74345134392335,1.8369395437920462,0.41960911228459946
444,0.00019558324144995634,96.13175465060276,2.3620262097842146,1.505811674526668
445,0.019638478237599028,94.3569209816813,2.4041562757314474,2.959115409500794
446,0.02527528732125582,97.80058313468622,2.1732561379908333,0.0008854400017000449
447,0.0,96.65752365328845,3.1484256907319477,0.19385781060720259
448,0.03119086397085423,91.72120512494834,5.526956784575635,2.7187822057728823
449,0.15848853216020742,68.4540974837194,2.7481866157146753,28.638596133443073
450,0.010002580633484923,97.49371526062541,2.296489094197647,0.14310638786775845
451,6.447958366822418e-05,97.52387114786877,2.4129227402404507,0.0590794185360104
452,0.021731426373808694,95.83971266338224,3.6557993135855007,0.47944853409569194
453,0.029186267917103298,93.96787713463695,2.0731396000534628,3.9246785699787705
454,0.00022528734596380018,95.42412434831611,2.866379178557279,1.706358542236389
455,8.144248320085899e-05,95.37535374542578,3.7273129746671527,0.8972518374238635
456,0.9034275536789987,67.43461738729737,2.4265718570346144,29.235383201989016
457,0.7431414459796569,75.14804758356904,2.1047748237097417,22.002192123302404
458,0.5639909943373485,95.42470208943438,3.7552948751302195,0.2560120410980534
459,1.6781580789983115,44.94155442975411,1.179180910800829,52.201106580446755
473,5.128403689476182e-05,95.74237361497843,4.21693250174558,0.04064259923909874
474,0.0,96.47796593986111,3.4042195969316333,0.11781446320725125
475,0.0004822823917734199,96.40009954308566,3.51458470180962,0.08483347271294456
476,0.00011310564843145086,88.11594104545813,11.643757925474366,0.23595454057778242
477,0.0,96.63907053067452,2.6867452512763528,0.6741842180491288
478,0.0905411291641322,79.44251683436312,5.742343196704824,14.690463017140429
479,0.013280634564610854,97.67695918548036,2.1930559956308495,0.11513126423533221
480,0.0020352339052661116,97.55961031841154,2.3409196276515534,0.09743482003163748
481,1.6079285024943795e-05,91.68223409445166,2.4531521991155754,5.8642921207322765
482,0.021517038966480374,79.0398240659567,1.4792921289777068,19.457474780258742
483,0.06367516833404928,94.91014312922776,2.7769295662389957,2.249235962674092
484,0.04830552811492913,93.14567435919044,3.518005571409444,3.2853237396857304
485,0.3039094066401626,56.55060714558597,1.3678032203625468,41.77759911568754
486,0.043727089839087546,85.5507070670427,5.933798481601098,8.471443457147938
487,0.30324957899454197,95.7846617087844,2.8298622465630907,1.0822264656579719
488,0.7935280144582828,61.492192742298315,2.440929254836446,35.27334998840696
489,2.073758439224334,22.350302394663785,0.8951781482412444,74.68076101787064
502,0.004939019218153258,95.48681013443796,2.417005687388,2.0912451589558914
503,0.08342106740514531,96.90153891586066,2.52230009128445,0.4924707632133664
504,0.0052679333046923545,96.21631508392538,3.528533711664742,0.24988327110518951
505,0.001795070251934067,96.65140156174347,3.098614690919629,0.24818867708497408
506,0.014168115224061285,94.25653139574901,2.706871908728807,3.0224285802981172
507,0.08563566211577671,80.55504297106873,3.357550261955764,16.001513020362868
508,0.053183066563523756,97.41778202925036,2.216766910852331,0.3122679933337833
509,0.059019175281804497,93.53334776381652,6.265359860978484,0.14227319992319468
510,0.06507871266119304,81.65187984748691,1.639966850791805,16.637928441820133
511,0.08781156543888206,79.578267888142,1.7742972370790588,18.558693818173953
512,0.0,96.90791775334279,2.2962964274806605,0.7957858191765578
513,1.0249027253789327,75.100929882182,1.8779919327574919,21.992357742517235
514,0.387442301815784,74.7058558631005,2.1184199945317403,22.78828184055197
515,0.21215078965620507,93.92245340990371,3.6378529557039565,2.09704576021185
516,0.03268426053914371,94.84315179366357,2.1752833213136658,2.94888062448362
517,0.829570972717265,70.20421012453774,2.169711470980772,26.79647527598103
518,3.8170581548983633,19.883127447790603,0.7453094963571661,75.55450490095387
519,0.7138625120268656,77.19411233847033,2.7093132452035826,19.38203361790839
532,0.0,96.4778433437989,3.522156656201102,0.0
533,0.001985084466742007,97.60414284332315,2.369380044141568,0.02449202806853518
534,0.02407992912739403,90.07822485944985,5.0391351619574145,4.854890417649565
535,0.013617751337272884,92.06778923084936,3.6557193100037426,4.2627281498974785
536,0.3948314340240491,69.9077242202593,3.253003852559072,26.44352698463397
537,0.06698947146342173,96.82906643097941,3.0234975799498884,0.08041365546774244
538,0.0020838953839633348,96.86739227903936,3.1268048738145238,0.0037189517621499515
539,0.09625136558561204,69.24086484371178,2.2072265975313474,28.455559360172185
540,0.0253765827016241,83.87775397796817,4.2744033047735615,11.814800124456147
541,0.017017834397598762,93.58330026569622,3.6168429704548597,2.782367115686945
542,0.1317725978680504,92.24185392154118,3.890810426553319,3.7224747751331764
543,0.5361297964005901,66.3181335404004,1.5573994572753955,31.57646985709927
544,0.08754654431830494,83.67335833727894,10.824974044333196,5.402288284427421
545,0.15118637432801368,75.15764248889926,2.429797085966199,22.26130977088547
546,0.1192452609025446,83.16226645857515,3.1265572849821655,13.591930995540135
547,19.64905995744629,2.782862751802258,0.1452819231254374,77.42279536762602
548,11.86018270450738,21.278437033968586,0.6839179713829204,66.17466002320607
549,7.092362251187464,34.92664886686959,1.4725729275602788,56.50841595438266
562,0.0,95.0509662440338,2.642822002226806,2.3062117537393947
563,0.06761798473093956,73.00100135571735,2.3995861304097295,24.53174287292752
564,0.08935771985363407,66.93283283475257,3.089358695019729,29.888141947777253
565,0.2911218567892819,66.84071625329682,3.2392028789660006,29.6289590109479
566,0.11210151440447015,85.25600834573616,12.630804248762287,2.0004457799606477
567,0.034503306166384744,93.85139550976473,3.19645740427495,2.9176437797939414
568,0.44459167502209124,75.57375032463538,2.0718612080215295,21.909201794962303
569,0.18764551634322854,89.77438861614785,2.2882277901306143,7.749738077378312
570,0.6776849874646829,71.16468604425229,1.5967029007794582,26.560893520918828
571,0.15511804257242215,87.40611735916933,2.321539932783806,10.117029732338937
572,0.1133958502418589,93.40930650633331,1.8626940740569586,4.608754424627549
573,0.09610586579627879,94.47242089047027,2.9750240869458917,2.4564491567875515
574,0.11341184317593234,89.1415794736036,2.5306885758290423,8.214320107391433
575,0.03081143227383088,94.97152623509427,2.9154657544135176,2.082196578218382
576,19.271863806157054,25.65054065457293,1.6401303856884535,53.43746515358156
577,31.68617325024207,3.9113141495146118,0.2172952305285895,64.18521736971474
578,13.616346907057993,12.870643104309485,0.47076944054474845,73.04224054808778
591,0.0,92.04181408382881,1.6937646720483683,6.264421244122821
592,0.01895944623065228,82.33703703514176,2.361896681508425,15.279880829262126
593,0.03095092285362546,90.00015549902449,3.3582991979889676,6.6016945423481745
594,0.01850715637056189,88.04348565922264,3.5806971979646662,8.317346196941426
595,0.2481730507671388,86.17911338488669,2.855837748057063,10.712154912076414
596,1.2902030939771647,57.80754849635213,1.7290470252844252,39.17228181582203
597,0.011176157958509922,92.99991396770493,2.402214648164095,4.586695226172472
598,2.353021857902877,59.70142446253499,1.9471247670890632,35.72160184645441
599,3.2904558005444158,56.86468370912907,3.8726853311962204,35.971963273348464
600,0.42113527991850686,77.53210607206017,2.1112221339012684,19.933282546082296
601,0.20363291128190236,91.15432996240129,2.989366715316973,5.6518633243175715
602,0.059118613730746644,97.7108632594709,1.671632554779288,0.5583855720190647
603,0.13690944676785666,97.62671056660089,1.9635549328917694,0.27282505373948257
604,0.018543110409810746,97.84685344393439,2.117453470484028,0.01714997517176797
605,2.7563453442472317,81.15564025390753,6.290399707462519,9.797497491866146
606,12.86898881127026,51.273955503340915,1.878511511554598,33.97854417383422
607,7.04536090425478,6.359538292608176,0.6399522623621606,85.95514854077489
622,0.21068736801223392,89.9697641818579,2.1709332597033764,7.633975168094764
623,0.05515537645347514,93.83039854599343,3.59415284682217,2.5198946543697636
624,0.3001340849327358,63.21308502215807,1.621451068935359,34.86501478617779
625,0.3000546248069932,74.53842547175623,2.4063084440041425,22.74613277917748
626,0.4389105293927562,79.87691828133198,2.814324584158035,16.868429725932092
627,0.6282275264773228,65.12386705565893,2.181804629461326,31.79647278514367
628,1.4850852025840082,68.00043330883845,2.1865928101452474,28.32568979775957
629,0.23119371772365774,75.63889778704885,2.7772614298632887,21.304775247757878
630,0.016588675615164736,88.86474225082272,1.856054316341027,9.227657157875964
631,0.2791596368314533,94.87747286790848,1.9458627373762323,2.892724850591191
632,0.9228661924090199,62.57491524392877,14.364170540586752,22.130461669259883
633,0.23935280622944757,93.90436281103838,3.0937601107937867,2.7324704276124683
634,0.4595828256560403,88.36305442906763,2.576224335776246,8.601138409500082
652,0.20142311597449739,98.534132996806,1.2586889410487978,0.005754946170699925
654,3.2964212464988587,46.5221799541754,1.3587386327718565,48.82266016655388
655,17.903978411856645,31.73183498409137,0.8280904869554098,49.53128831972338
656,5.870931208630015,47.824422136920624,2.15217153777758,44.13827756924903
657,2.1682324867255525,69.1508682136536,2.0688013247151043,26.6111934679089
658,3.468759368513207,65.57768112919752,1.4689991373851237,29.476784956439005
659,4.337909245825995,65.25606218924274,7.104494238775108,23.300398917663745
660,0.0958256586691449,96.41290384016831,2.2854966260868337,1.0051289828531322
661,0.2627378426809921,85.13620338810026,2.783832302637296,11.816047328347356
662,0.6765778939630435,91.8093966243178,2.2739888377898523,5.2248626054648195
663,3.520836067630326,70.05792638368538,2.6444464409700297,22.406427009071724
664,1.6335476091543844,86.34704535640668,2.510204580451201,9.509202453987731
683,13.388431012412704,20.98836505532484,0.5527242088247153,65.07000315488382
684,8.885310146875938,46.57509904650839,2.6421625507607804,41.88983809605284
685,9.783417682250898,41.625180162564405,1.4081297519405642,47.17182540476203
686,3.1651716963968686,59.72988339417093,1.3036100345765014,35.783235961177745
687,6.089110268155265,57.27259938730121,1.6744282141717108,34.96358469911111
688,3.6787382761534455,69.32768171355126,2.002904049805911,24.990352209117486
689,0.8043801431870387,91.7707067091073,3.5935975557502315,3.8303454462492383
690,0.5486926422962648,76.99228348748487,2.390625293755975,19.236446839133485
691,5.524933098099778,61.31195148067109,2.578873607982958,30.584241813246177
692,1.9464855595052868,75.5704242833293,2.104445962323783,20.21020285321656
693,1.7162745228745078,62.570679412135235,4.54964715721568,31.13623569563224
714,3.1382345046066336,60.750771469708035,1.220892871272339,34.855493167510794
715,8.30422826051382,54.958390346386246,2.1297287379805034,34.606701429917194
716,1.3082244361856048,54.46280539331795,1.3960228639758643,42.75542508075095
717,0.39801552775604665,86.33706945084191,1.7254867554268754,11.539184553156609
718,0.25366803822830286,90.13853868918926,7.826806181413562,1.779286344043494
719,2.172793355261138,56.89225991623476,2.3734142143466164,38.548233316525994
720,8.797897835706351,56.83673925637503,1.4100087181256142,32.955354189793
721,4.591462223372519,78.81758185622517,3.3832789559411207,13.197495872125481
722,0.8544202833068075,79.03224715792607,3.5424108803190717,16.565819377310252
743,0.645771293980929,69.68657805631358,2.0405110486250178,27.578199847128122
744,3.6931289474129434,54.32147770057381,0.9533657043427561,41.017158760670135
745,2.937466447165226,78.96545385516997,1.8816543410913389,16.213752789371178
746,0.025019658881388206,97.39308424908899,2.1018617312665304,0.47922518680185483
747,0.05667257793812654,95.73123138991801,4.142237020331348,0.06981053227622089
748,8.179667946483562,68.38780745089304,2.525831116585641,20.905759831221417
749,11.513180188994623,43.800548173574036,2.393241620494238,42.28514203992884
750,0.6661693977810356,81.31288456558153,2.554065744650903,15.46261845379204
751,3.2280941891053745,56.342365848963794,2.1095450948521077,38.30827469683683
771,0.474334590104515,12.715111521315912,1.7559422607681876,85.05461162781138
772,2.78839974486626,63.133931789244116,1.7296222595583075,32.23557325749542
773,5.6224236387803685,76.35887436042839,3.6741826406588496,14.138022279752352
774,1.94450613099366,87.25593229803825,4.367212884826667,6.261071112253935
775,2.245966706633289,89.73981680283954,1.6048882776240898,6.384752865681248
776,0.5819689776974762,95.62359068615496,2.018290267759062,1.7716948968448931
777,6.75474129330106,67.38772935319844,6.6713164824501625,18.83569776354042
778,2.3571161966270253,46.76690402941616,36.318559855915545,14.547756349661627
779,3.190750535523259,82.98930119071363,10.172400283885606,3.4156605909275752
780,55.874150451441004,31.330021328863356,1.000282834858527,11.710920653423013
800,2.842505103562437,11.298389439767945,0.8393809295920309,85.01972452707759
801,3.2572795624101705,70.6234310556525,3.106683529199212,22.855529616788928
802,5.814724007686701,66.82822231596958,11.263040524448707,15.7293770925035
803,31.299778533981137,50.98872515038958,2.7534974970980723,14.515762361227466
804,28.423938192964037,56.37340218174324,1.0928608907964168,14.106880047168596
805,14.487913010599707,58.34985961556971,1.0815202055358144,25.980810350111906
806,12.051445657568973,58.235183577952135,3.26277686796635,26.357884650890256
807,0.5070806999569646,84.53017878572366,12.990243559956472,1.9111291545155389
808,3.867421748014311,82.4608919691592,8.540317555013695,4.812297473245699
809,65.15798182817994,20.852895030244326,1.6659351525333093,12.276724229261575
810,88.09268334650903,0.6311350203641688,0.09788436658425767,7.696178613808026
829,31.819168739371438,35.34352356365268,1.0142280525176115,31.715776995696654
830,27.188310854706504,42.31689028588767,3.0394773184366235,27.39068009030352
831,48.78629793547231,16.354220226511227,1.9478092695089673,32.89493162770537
832,82.81059819985039,1.2005662669015387,0.09319273183562173,15.886231831599945
833,28.601019693380337,43.858153188203666,2.2075942782918982,25.296000753052116
834,6.527449853782111,74.06870389951926,1.8822113101992006,17.519124205538734
835,26.905301389693463,61.08562482261445,2.5024435920463755,7.253635718677083
836,6.563550811641493,80.82894408018679,5.38976350340821,6.578883277585759
837,2.2463023981030927,90.73207827635822,3.4421595949077024,3.5671862754485217
838,66.13750793674389,12.24562603124582,1.4555191957716003,20.042640753773007
839,48.41075200342229,11.983831646901836,1.6810031573497708,37.910315710671064
858,9.406755331697985,74.49719688506991,1.7590884499537156,14.242495733978377
859,15.044458446647086,60.43786820497612,2.7201186038154512,21.542408744350116
860,6.069124697668126,43.34435971636073,2.686406367035019,47.73477946684001
861,37.70736741476392,36.30186705875275,2.2481262309160495,23.67631279531242
862,38.66997550803271,36.2563098149925,2.119377437563575,22.920370872308137
863,22.856125806443114,40.77007908345385,2.768266644538052,33.38001087990221
864,5.579829336558601,71.69994628018883,4.701955491179525,15.703571934498544
865,22.6185061590998,52.91576120950702,7.8783263550625415,15.357173516169546
866,6.689270850090541,76.21092838021227,6.8809609252865735,9.398489479567552
867,33.89774926402458,33.806242009828644,4.932806324110672,26.85706243182698
884,12.90926408579614,55.34620886873854,4.68605639806258,21.283950134676665
885,55.47304297516214,21.390974408654234,1.331604370173031,20.173434514679368
886,40.819164496256384,14.670523562771528,1.0257114323982897,42.40863886729051
887,23.169990313717502,34.97920346171035,3.1950315708615076,38.59446355920424
888,38.44671205998709,22.77759171911836,2.7176136107427826,36.05553110136759
889,14.737293012523256,25.930885796844354,2.730979687986191,56.12295334323639
890,14.17021642209485,29.879612095374647,4.442189685487613,50.639816824839166
891,26.851431694378103,35.43349900812296,2.3218854497540677,34.390970840986654
892,10.723363908177607,67.14507125666259,5.077177330551154,15.851549315089342
893,21.34328770703096,58.42332427959137,4.846371206909211,15.280965539143548
894,17.66369486638494,59.15248613641171,5.847430210786838,17.29032176843016
895,59.393326821135304,20.45783198856772,3.0438190535205027,17.023805349723713
896,12.810107074456214,43.36377876892031,6.761110095385284,36.41463375424346
912,0.19122948351764602,33.15268250209539,0.0,52.35212264726704
913,57.931993561881775,12.873761277641643,0.9240978140981497,27.204694387736243
914,71.71128332841018,8.734042749061997,0.2759532723821783,19.278720650145655
915,70.02731547646489,9.74757836071284,0.5871450780917841,19.637464847171636
916,56.44609351492844,7.84211350618543,1.1390277883088946,34.572765190577236
917,60.11183089734657,3.249642269088101,0.46872862135768373,36.16979821220764
918,73.29076162430974,2.3025702309133678,0.1143481013620759,24.29232004341482
919,54.26881512396009,15.94954116351702,0.8072944620168752,28.952559579324365
920,41.4051884511055,29.09544984309776,1.2897878245924659,28.169298733774507
921,47.53132956397287,34.31432679043276,1.714405185030316,16.42888695505495
922,61.67820985725262,19.23481066585468,1.5781184198694236,16.646464970222752
923,46.15815074754409,31.23559705374919,2.950834488160511,19.638135794718696
924,25.64159804430366,43.48680226458719,5.722189818280591,24.98267901792656
925,3.6300366412870213,62.96384489069854,12.317152642640586,20.966057351626816
926,0.0,86.04480172540562,10.014214989461301,2.5047791774912995
942,76.34804307375195,9.77195566697541,0.1737299158441352,12.61907168409489
943,76.13197832569786,5.942576194378253,0.42092669347846356,16.610880404438827
944,67.62282123769042,2.401203542981122,0.08740294620968767,29.571558895026754
945,62.37940099996864,0.8395265067285166,0.184198822781013,36.54720496944361
946,67.86957804564211,1.0302845852924494,0.08491392943564513,30.921331899128155
947,65.58982041268959,5.151094306750764,0.243232958084402,29.00119145128131
948,70.40723449059321,5.838805611740693,0.43087842767818385,23.315161674655734
949,69.87325257832532,11.818865804470422,0.5149919871573945,17.792857192671683
950,72.41613973847856,12.749131037080112,0.697681109134071,14.13704811530726
951,53.05006007520796,12.371527926626745,1.1878133488450666,33.38870091323466
952,30.604259891197,24.070122125677496,3.605235361715105,41.71304471344123
953,22.48674784493708,43.14562238923894,6.246516223995476,27.87920970840473
954,4.402531506404052,67.59841494047662,7.071702911280164,20.92675313749531
973,74.316229855187,0.3934303443110365,0.0,24.848286721027574
974,77.81679533392419,2.581948342561754,0.3603097417799775,19.075510053980132
975,76.63333425847773,0.2688578439455558,0.07967125810385671,22.93036764693878
976,68.3727101086901,2.549497372046742,0.0,29.077792519263152
977,47.77156023699802,13.326530612244897,0.0,38.90190915075708
978,64.14869160415718,3.3307959774621594,0.2116078293366791,32.308904589043976
979,52.63874892336269,12.84160955109764,0.9192122194239822,33.600429306115686
980,10.531286894923259,59.05548996458088,0.0059031877213695395,30.407319952774497
982,57.75508258296544,8.618827896168744,1.1606404420389314,32.46544907882687
1002,97.80144643005276,0.0,0.0,2.1985535699472356
1003,89.58082663722504,0.02278158869907292,0.0,10.39391294836252
1004,91.22697687300928,0.0,0.0,8.773023126990722
